630102196607124839,查红,15839691114,4918600677802746,oPfpJcBYrOIkXrXQChBN,0,@Ah53QCho9
330226197711140003,伊晶,18942055337,4771043570682509,VBwFUNSqKjNarEdjEjXw,0,OnSj3MZVf#
410611193201106197,李雷,15852479841,4677837732367106,EFwwoSMQiGyDoziVEvRP,0,b6UC_aJU#h
420116195201215559,王想,14556912111,4651691511313603,fff,0,123
210381199109018760,杨玉梅,18907581641,4612323848226658,sOZmwptTYrjCeowMviKP,0,@50YMj3BR%
510402193703267165,王海燕,13210294660,4650632541352022,AbLtPOYgohAfVTwKBmyR,0,y!ZRxmar^7
420525195008182773,刘雪,14792693929,4040194167764971,gzDtFMKRYsUijyihVhzd,0,H3AY4PXp_P
530902200012200977,钱博,14589513570,4613133295758528,FINlfCtbkjGVeLBZMRWc,0,ekQO6@dl*0
621125196104180197,刘婷婷,13249802453,4558833435596566,WgmGPmqFAnSdTeILZfVg,0,123
411728194406014606,王莉,13834112162,4910879381925542,bYUrQXUsvfHamNYDmMuk,0,123
440301196609274944,李婷婷,15372913984,4329360965720257,cVlBhEERtiWqXcoaBLqu,0,*J7Q+GTm)v
211005199203218062,李建,14759481960,4119548512968841,WRAoLueHAMxztCmZTVXb,0,K+b6CHdd^^
370200195609240395,杨刚,14589388919,4659332496997548,SIxQAQiJcfbXwNYbgngr,0,123
610829200204153401,吴建,18573997410,4807382309415932,snfZjFgUTrRkgpReVsts,0,123
632724198508057185,张云,13716974091,4074563941796831,FbMVbsTQDgmwpNCGStIM,0,z59QD5%f%1
623027195009217830,萧佳,18675410716,4211123217489910,mMZPzotkLhPnOnYrOQZe,0,GdM9scP(n%
532823195502232415,李军,15625132786,4197486250647654,ufkPhFakkmERADweayPH,0,*6P5CRIJtf
350800196004083095,李坤,13968646660,4518163530792913,TEKJOYgOZdDXHEnbSprd,0,123
540000200001043080,赵坤,13592809053,4774282110012663,wQZfZoUjncoCJWCjoKld,0,123
52262519350426119X,张桂兰,18746052310,4768004002125108,JiNtDMktNJNqZmaRumHU,0,123
610602194012319404,李杰,18751482061,4299144900545532,hXlwDxHCOptCbZzQZhMK,0,123
210111200203299963,袁静,13324918773,4844737561258244,nvxYweiHVvqAsTtcSSWz,0,^+5FigX39j
500242199704105497,陈兵,13672129241,4352442534264999,OgIRwEWOKfpaiWItJpPE,0,0^3xMHlqm3
230223195802265395,赵丽丽,18740697993,4256207378480341,uWOTOcBHPSQmRBzYXGAO,0,&4BH^Ef4v4
150701195310184950,阿姨,14500075551,4334893414176377,admin,1,123